iso3c,year,world_mkt_share,country_exports,sitc_eci,eci_rank
AUS,1994,0.0122784487998472,62687389634.7861,0.150283649563789,94
AUS,1995,0.0118642233803049,71516281725.321,0.112830519676209,98
AUS,1996,0.0126967571767755,81946432904.0914,0.022328132763505,100
AUS,1997,0.0125489019934359,84129206172.7667,-0.0244171917438507,106
AUS,1998,0.0109106229327582,72709811204.6481,0.0454332605004311,102
AUS,1999,0.0107012300188851,74383290846.5231,-0.0591727569699287,113
AUS,2000,0.0108361564842778,85130246611.9866,0.0010377949802205,117
AUS,2001,0.0106744073074406,81292105015.4547,-0.130420029163361,127
AUS,2002,0.010447722133379,84191046767.9719,-0.0601561963558197,127
AUS,2003,0.0101010247037304,93979620293.5096,-0.02636693790555,116
AUS,2004,0.0101800686225783,115171289035.043,-0.197124868631363,132
AUS,2005,0.0106304400553069,136849271234.741,-0.133987128734589,122
AUS,2006,0.0106075310778749,157710286524.709,-0.18390192091465,133
AUS,2007,0.0106486829160915,183529978024.747,-0.100663125514984,122
AUS,2008,0.0116033799278697,230564419012.227,-0.400150984525681,153
AUS,2009,0.0122759631861807,193096538461.4,-0.357755780220032,148
AUS,2010,0.0135228499553259,253358841941.225,-0.482949048280716,153
AUS,2011,0.0140402412931413,313322329493.596,-0.424047380685806,153
AUS,2012,0.0135659277162986,306309162545.718,-0.541112005710602,168
AUS,2013,0.0131383526802901,306939007011.275,-0.62841808795929,170
AUS,2014,0.0126320390159302,297713739569.659,-0.592730402946472,172
AUS,2015,0.0117580603486662,244083103138.651,-0.448194533586502,149
AUS,2016,0.0120702194273315,245563643689.249,-0.553741276264191,160
AUS,2017,0.0131174611602749,292179878746.614,-0.578673124313355,168
AUS,2018,0.0130326490143087,316171393085.401,-0.530980110168457,159
AUT,1994,0.00887239507464839,45297846340.7497,2.02337527275085,6
AUT,1995,0.00869229648818046,52396242430.8937,2.06721305847168,7
AUT,1996,0.00859225426416577,55455466128.0976,2.01170134544373,6
AUT,1997,0.00808757877750047,54220009269.8735,1.89165413379669,8
AUT,1998,0.00843660028626854,56222602302.744,1.89145731925964,9
AUT,1999,0.00821010273555748,57067688348.0754,1.85078167915344,10
AUT,2000,0.00783614053367108,61561733358.6397,1.82752871513367,9
AUT,2001,0.00844110110474515,64284119735.1261,1.86911928653717,10
AUT,2002,0.00883506565099797,71195751181.4781,1.86651945114136,10
AUT,2003,0.00938467734562381,87314746710.1147,1.92208850383759,8
AUT,2004,0.00941173351574683,106478799038.621,1.97136831283569,7
AUT,2005,0.0123140180752935,158522543827.721,1.87457430362701,8
AUT,2006,0.0118904937830304,176785075403.02,1.79204177856445,10
AUT,2007,0.0121601393034186,209579918635.931,1.78686618804932,8
AUT,2008,0.0116464980965986,231421196570.461,1.71038413047791,7
AUT,2009,0.0117198877961835,184349670186.909,1.73911094665527,9
AUT,2010,0.0105210349002104,197118005978.517,1.8150691986084,6
AUT,2011,0.0102452392983892,228632982594.022,1.76637196540833,11
AUT,2012,0.00960005585796515,216762548919.709,1.71521186828613,10
AUT,2013,0.00987380934780824,230672543992.63,1.84888935089111,11
AUT,2014,0.0100749339980393,237447515218.341,1.78418409824371,7
AUT,2015,0.00982804785365206,204018379458.877,1.83360707759857,10
AUT,2016,0.010124012438755,205968863961.703,1.73299133777618,14
AUT,2017,0.0101666014069347,226452080173.804,1.74602425098419,10
AUT,2018,0.0102956811115278,249772692890.053,1.80618035793304,11
BEL,1994,0.0228852180719661,116840050851.72,1.48146784305573,16
BEL,1995,0.0278543460038038,167903047020.294,1.56359541416168,13
BEL,1996,0.0260643369264279,168222437224.998,1.5634104013443,13
BEL,1997,0.0257066082678956,172339902575.029,1.48156595230103,18
BEL,1998,0.0251641491956542,167697165268.919,1.4376962184906,17
BEL,1999,0.0242432849224758,168512900879.735,1.42643547058105,19
BEL,2000,0.0220993537937707,173615381169.408,1.38649415969849,25
BEL,2001,0.0229559667504059,174823651192.746,1.41217684745789,25
BEL,2002,0.0280611303825199,226125456844.708,1.40728902816772,23
BEL,2003,0.0292538211028384,272176643461.103,1.38903200626373,22
BEL,2004,0.0296868919308197,335859976772.001,1.2308109998703,34
BEL,2005,0.027946915047604,359770144756.572,1.26926732063293,33
BEL,2006,0.0272295153192946,404842053387.15,1.23420870304108,39
BEL,2007,0.0274192453761243,472570508577.251,1.13512146472931,36
BEL,2008,0.0268649701772723,533819135390.563,1.17450737953186,31
BEL,2009,0.0271213041361659,426608476078.515,1.22034227848053,32
BEL,2010,0.024531783157945,459617920200.493,1.18005573749542,33
BEL,2011,0.0241801966046106,539605792349.932,1.12371444702148,39
BEL,2012,0.0224855663993003,507708367402.023,1.06166207790375,37
BEL,2013,0.0232652676732257,543524620722.37,1.20395016670227,33
BEL,2014,0.0235838299298225,555827146585.588,1.18421185016632,31
BEL,2015,0.0227337349790268,471924825614.798,1.17281293869019,33
BEL,2016,0.0228259994648916,464385559284.471,1.2217561006546,31
BEL,2017,0.0226507470272057,504525413802.748,1.19455242156982,29
BEL,2018,0.0229772012549356,557425717672.637,1.17679536342621,37
BGR,1994,0.000820204340802777,4187537850.27686,0.390168428421021,67
BGR,1995,0.000888914784099898,5358284153.26563,0.348940253257751,78
BGR,1996,0.000974769067121862,6291279485.28442,0.511260151863098,63
BGR,1997,0.00096280352972734,6454739761.18933,0.522282719612122,63
BGR,1998,0.00094793107238358,6317136036.39362,0.522273361682892,66
BGR,1999,0.000850215978506127,5909775072.58283,0.41953107714653,79
BGR,2000,0.000917173127818007,7205430695.86707,0.439792186021805,80
BGR,2001,0.000980521515258606,7467267801.62817,0.45957824587822,74
BGR,2002,0.00101356466481687,8167624388.22278,0.47140571475029,77
BGR,2003,0.00113819016832802,10589685995.1021,0.410004287958145,78
BGR,2004,0.00124009976831204,14029756983.3457,0.384426802396774,85
BGR,2005,0.00128634564329975,16559565072.1605,0.397590637207031,78
BGR,2006,0.00137339396910654,20419299721.014,0.49124675989151,77
BGR,2007,0.00142506246841517,24560942003.1566,0.46129447221756,87
BGR,2008,0.0014844578106453,29496849606.5123,0.470445603132248,88
BGR,2009,0.00146881885094744,23103998557.4479,0.485758900642395,86
BGR,2010,0.00144946840093803,27156674569.729,0.481055051088333,88
BGR,2011,0.00156422103082218,34907190481.0852,0.63307911157608,74
BGR,2012,0.00151723868546147,34258188665.3655,0.60003936290741,76
BGR,2013,0.00160422985164277,37478116904.2422,0.621686398983002,72
BGR,2014,0.0016444538618266,38756728675.1381,0.616115093231201,73
BGR,2015,0.00161804918867496,33588742980.6874,0.496997028589249,80
BGR,2016,0.00174500884665682,35501486384.3082,0.558789312839508,75
BGR,2017,0.00180655744788905,40239473906.0886,0.591166079044342,75
BGR,2018,0.00179586993869923,43567712112.5054,0.554516077041626,79
BRA,1994,0.00961763941547072,49102677319.6295,0.634625673294067,52
BRA,1995,0.00870070023231097,52446899310.2798,0.838558375835419,42
BRA,1996,0.00815319360927169,52621714643.6701,0.812514305114746,42
BRA,1997,0.00866005792724179,58057971861.6118,0.796189725399017,45
BRA,1998,0.0086254468618482,57481100460.1513,0.822350144386292,45
BRA,1999,0.00762892499166561,53027973933.831,0.626056969165802,59
BRA,2000,0.0081132843206702,63739010787.9982,0.794293224811554,53
BRA,2001,0.00875284249341224,66658220045.8313,0.65790331363678,57
BRA,2002,0.00829180402545139,66817977314.6262,0.629799246788025,60
BRA,2003,0.00877767122197737,81667180578.0311,0.624938309192658,65
BRA,2004,0.00952417354148542,107750879137.838,0.510158658027649,69
BRA,2005,0.0103380434217982,133085149900.255,0.641558110713959,62
BRA,2006,0.0104867523569348,155914576802.463,0.618687629699707,69
BRA,2007,0.0106321172566525,183244468996.377,0.513301074504852,81
BRA,2008,0.0114083781483398,226689645258.101,0.381249159574509,92
BRA,2009,0.0114427361423791,179990173162.778,0.279905706644058,98
BRA,2010,0.0123347492497349,231099050560.524,0.436114341020584,90
BRA,2011,0.0129865276598487,289807633178.25,0.322784274816513,92
BRA,2012,0.0123989692656673,279960056667.093,0.341446936130524,92
BRA,2013,0.0117968049399164,275597685819.14,0.278604716062546,93
BRA,2014,0.0111273839105687,262251808394.902,0.231838300824165,97
BRA,2015,0.0107511738200952,223181357347.732,0.201977178454399,101
BRA,2016,0.0106224233438944,216108828579.36,0.250507473945618,94
BRA,2017,0.0111609862378802,248601125311.669,0.147922784090042,107
BRA,2018,0.0111002806235356,269292235563.845,0.213732942938805,101
CAN,1994,0.0366300409175175,187013985623.588,0.927070736885071,40
CAN,1995,0.0355608441913965,214357001723.681,0.976159870624542,35
CAN,1996,0.0356337854863971,229984835562.667,0.960026681423187,34
CAN,1997,0.0366631279572527,245793604290.451,0.941073477268219,39
CAN,1998,0.0369674414755038,246355841180.486,0.904085218906403,39
CAN,1999,0.039185241987467,272373105381.469,0.960567235946655,38
CAN,2000,0.0396276851125745,311320218676.268,1.05473804473877,43
CAN,2001,0.0385147185148328,293313010453.147,0.880375981330872,46
CAN,2002,0.0358394074605536,288805271725.962,0.961236119270325,41
CAN,2003,0.0337402295595196,313918048477.643,0.919785916805267,46
CAN,2004,0.0325335192150127,368065038041.991,0.813313484191895,48
CAN,2005,0.0324135094612136,417270134147.744,0.861408948898315,49
CAN,2006,0.0304057211905516,452065138037.093,0.808517813682556,56
CAN,2007,0.0282857576393511,487504841572.355,0.671500504016876,71
CAN,2008,0.0265979103830409,528512536220.213,0.601654350757599,75
CAN,2009,0.0241551274180304,379951570379.943,0.66490775346756,70
CAN,2010,0.0244889757746008,458815897763.917,0.63187301158905,70
CAN,2011,0.0236590612746639,527976125013.655,0.56873482465744,79
CAN,2012,0.0237399416043214,536031282473.028,0.626741409301758,72
CAN,2013,0.0230750602491392,539080983129.747,0.596318125724793,74
CAN,2014,0.0236361916489652,557061215226.178,0.615807056427002,74
CAN,2015,0.0231811895454426,481213440900.456,0.583417057991028,72
CAN,2016,0.0227443994275635,462725440128.22,0.540199458599091,77
CAN,2017,0.0223848848589887,498603568475.834,0.659423649311066,69
CAN,2018,0.0219827230766213,533299728344.952,0.646242320537567,75
CHE,1994,0.0179899445508182,91847323872.0004,2.34389734268189,3
CHE,1995,0.0178268797032468,107458542398.756,2.27591443061829,5
CHE,1996,0.0164348028641751,106072239663.256,2.3513662815094,2
CHE,1997,0.015364584669542,103005849603.333,2.34081339836121,3
CHE,1998,0.016282670547681,108509835664.357,2.2660961151123,3
CHE,1999,0.0161630532288642,112347934505.541,2.22238993644714,3
CHE,2000,0.0165076729725532,129686413552.853,2.27656722068787,3
CHE,2001,0.0168522772814165,128340342939.279,2.19241976737976,3
CHE,2002,0.0168938042873859,136135613934.85,2.2234582901001,4
CHE,2003,0.0168695241883371,156953529394.558,2.21402406692505,4
CHE,2004,0.0162933387406988,184333219649.321,2.22665119171143,4
CHE,2005,0.0154639974109517,199073299417.008,2.12971544265747,4
CHE,2006,0.0147929736097536,219938465361.92,2.03535389900208,4
CHE,2007,0.0151407100415581,260950035145.394,1.97758615016937,3
CHE,2008,0.0154913212805662,307819576105.291,1.9814612865448,3
CHE,2009,0.0174652839946206,274722710671.128,2.00801753997803,4
CHE,2010,0.0163879237626108,307037747222.872,2.13842606544495,3
CHE,2011,0.0167387593676756,373542517426.315,2.1017894744873,4
CHE,2012,0.0182235054071545,411474010229.79,2.02154469490051,3
CHE,2013,0.020157028839015,470909753048.91,2.08379125595093,6
CHE,2014,0.0182460383261366,430025294851.849,2.03098583221436,3
CHE,2015,0.0193331845641659,401333514375.879,2.20295405387878,5
CHE,2016,0.0204835339797875,416729063625.748,2.27582406997681,3
CHE,2017,0.0186725039394324,415913557529.046,2.20829892158508,3
CHE,2018,0.0177810367468136,431367034635.129,2.16638946533203,3
CHN,1994,0.0364439647400783,186063977196.055,0.238976657390595,80
CHN,1995,0.0371068826677897,223676357883.097,0.320982098579407,82
CHN,1996,0.0373415424399314,241006909046.539,0.385888129472733,72
CHN,1997,0.0431232919057993,289103247239.407,0.39255353808403,74
CHN,1998,0.0447276630257809,298070967558.174,0.341008186340332,82
CHN,1999,0.0472759289745234,328610745563.424,0.388700067996979,80
CHN,2000,0.0498878804853063,391925640315.861,0.438661754131317,81
CHN,2001,0.0540903375506893,411930824246.048,0.537192821502686,68
CHN,2002,0.0616294307798308,496629430111.97,0.61714518070221,61
CHN,2003,0.0604724566019993,562633859074.992,0.648855805397034,61
CHN,2004,0.0656425023516925,742640535306.68,0.702892124652863,55
CHN,2005,0.0706988210211067,910129974258.579,0.757179498672485,54
CHN,2006,0.0751704751930013,1117617011333.96,0.843818545341492,55
CHN,2007,0.0806847625843758,1390601337341.5,0.909377634525299,51
CHN,2008,0.0808557833210467,1606641066748.07,0.995425224304199,43
CHN,2009,0.0863836415356654,1358783983565.94,0.96146285533905,51
CHN,2010,0.0920989782877853,1725530532398.86,1.04955446720123,44
CHN,2011,0.0950676434864154,2121531595840.98,1.17892014980316,36
CHN,2012,0.09983379522854,2254177292532.29,1.21893072128296,28
CHN,2013,0.102807643250264,2401798513122.93,1.25509226322174,31
CHN,2014,0.107781758984598,2540216229876.61,1.31390929222107,28
CHN,2015,0.119029902758388,2470916730313.86,1.2640175819397,28
CHN,2016,0.113152570471904,2302042449615.03,1.25215494632721,28
CHN,2017,0.110901625718387,2470235906116.56,1.30139398574829,26
CHN,2018,0.111450429568768,2703781674626.25,1.3408899307251,30
CYP,1994,0.000725306384189616,3703038115.927,0.289026021957397,74
CYP,1995,0.000796046302979498,4798482786.896,0.384930372238159,75
CYP,1996,0.000744481788807994,4804977058.74579,0.0957458019256592,94
CYP,1997,0.000659554497772227,4421725211.83765,0.420790016651154,72
CYP,1998,0.000693289129384875,4620168987.46088,0.391727358102798,74
CYP,1999,0.00071591705697663,4976275304.53058,0.481131225824356,71
CYP,2000,0.000658252807416645,5171319176.6579,0.260312020778656,94
CYP,2001,0.000711190938033419,5416151619.05554,0.300890862941742,88
CYP,2002,0.000663365752374726,5345610877.61133,0.332600206136704,83
CYP,2003,0.000681201991896459,6337882187.13782,0.140728816390038,98
CYP,2004,0.000656926074488319,7432073948.08194,0.426570147275925,81
CYP,2005,0.000638696370084535,8222155652.22147,0.439262300729752,74
CYP,2006,0.000732402262725673,10889185226.7805,0.730435848236084,62
CYP,2007,0.000684637851776185,11799728744.0607,0.746583104133606,63
CYP,2008,0.000716117416530251,14229577684.5383,0.944384932518005,46
CYP,2009,0.000761242759364621,11974078085.1792,0.91593062877655,55
CYP,2010,0.000667641116159362,12508663527.3849,0.745238125324249,65
CYP,2011,0.000665860961475922,14859367671.2948,0.779183030128479,61
CYP,2012,0.000631156716519781,14251077354.6292,0.619562268257141,73
CYP,2013,0.000654409392927513,15288352667.329,0.34943625330925,91
CYP,2014,0.000627719675590773,14794188949.6943,0.473702430725098,85
CYP,2015,0.000659334726118943,13686990982.0151,0.110490292310715,108
CYP,2016,0.000671713840457505,13665741469.9304,0.34498542547226,87
CYP,2017,0.000690514883192236,15380610041.7385,0.374516636133194,87
CYP,2018,0.00070675759773038,17145902878.4379,0.18272639811039,103
DEU,1994,0.0953101141815309,486603997070.7,2.40240931510925,2
DEU,1995,0.0988420777352738,595809573963.894,2.42169880867004,2
DEU,1996,0.0927154496776955,598396919024.6,2.35017061233521,3
DEU,1997,0.0878662872818725,589065163010.985,2.34568786621094,2
DEU,1998,0.0938745924078826,625592501267.469,2.39921522140503,2
DEU,1999,0.0894097611745175,621479237267.639,2.36685228347778,2
DEU,2000,0.0802818574549618,630704653769.565,2.38064479827881,2
DEU,2001,0.0859113169854254,654266939722.931,2.34317946434021,2
DEU,2002,0.0886916277015867,714705165434.645,2.36886024475098,3
DEU,2003,0.0933334795082082,868371796142.042,2.4287850856781,2
DEU,2004,0.0939834367627079,1063273142962.68,2.42586064338684,2
DEU,2005,0.0886060914639044,1140656358599.26,2.2885684967041,2
DEU,2006,0.087842348175644,1306019449585.19,2.14095139503479,2
DEU,2007,0.0895307074837261,1543061137842.52,2.04869198799133,2
DEU,2008,0.0860693054567049,1710236114888.16,2.02385663986206,2
DEU,2009,0.0860735475178489,1353906314862.49,2.03195095062256,3
DEU,2010,0.0800926109963982,1500583918118.87,2.0949022769928,4
DEU,2011,0.077868564514449,1737716576132.36,2.04912543296814,5
DEU,2012,0.0737845150803346,1666002760426.45,1.97393393516541,4
DEU,2013,0.0739487976351124,1727596378947.1,2.10465884208679,5
DEU,2014,0.0764158172213398,1800979135557.34,2.10737586021423,2
DEU,2015,0.0775016444663222,1608840346004.37,2.25402617454529,3
DEU,2016,0.0800814066233173,1629223239939.87,2.25777268409729,4
DEU,2017,0.0792546849419526,1765328210505.29,2.16067838668823,4
DEU,2018,0.0785511424316216,1905646665063.12,2.08650422096252,5
DNK,1994,0.0107593029332403,54931418957.672,1.58122253417969,14
DNK,1995,0.0106108617662135,63961150687.7628,1.48649978637695,15
DNK,1996,0.0101289594422178,65373550408.4646,1.42803239822388,16
DNK,1997,0.00869649657131455,58302260501.483,1.50249397754669,16
DNK,1998,0.00939240623948066,62592217569.8682,1.3393816947937,20
DNK,1999,0.00991411121121488,68912098553.8257,1.41509735584259,21
DNK,2000,0.00926512242103796,72787999853.7855,1.33217644691467,28
DNK,2001,0.00997099743487804,75935210943.275,1.34960544109344,27
DNK,2002,0.0101973617246308,82173563472.314,1.33777272701263,28
DNK,2003,0.0103365621516155,96171053397.2202,1.34955978393555,27
DNK,2004,0.00980810859392657,110963152768.229,1.31228768825531,29
DNK,2005,0.00984477192599337,126735098127.181,1.31120717525482,27
DNK,2006,0.00972155766886579,144537841479.551,1.25325465202332,37
DNK,2007,0.00955733862734969,164720666590.791,1.23628914356232,29
DNK,2008,0.00954991658219223,189761171492.782,1.27334249019623,28
DNK,2009,0.00944756156017083,148606786001.413,1.33399057388306,28
DNK,2010,0.00841577867266572,157674746490.883,1.18122780323029,32
DNK,2011,0.00807603649426045,180225005726.44,1.18370544910431,34
DNK,2012,0.00767009074248312,173185286042.545,1.15963506698608,32
DNK,2013,0.00777682023614071,181682554812.763,1.18791031837463,34
DNK,2014,0.00780710385374596,183998963316.711,1.15187907218933,35
DNK,2015,0.00766010142633419,159014435294.045,1.10440909862518,36
DNK,2016,0.00776685799118839,158013527410.648,1.06853199005127,43
DNK,2017,0.0076201592871466,169732327722.914,1.16035342216492,36
DNK,2018,0.00746969846677177,181214499644.253,1.09396135807037,43
ESP,1994,0.020907103804529,106740825628.213,1.25403666496277,22
ESP,1995,0.0215715846297172,130031227008.203,1.21154570579529,26
ESP,1996,0.0225615333081876,145614911722.078,1.16231274604797,28
ESP,1997,0.0222908263603353,149440128515.7,1.06252837181091,34
ESP,1998,0.0236844140700497,157836017809.358,1.04549539089203,32
ESP,1999,0.0235898097725354,163970653675.142,1.08844375610352,31
ESP,2000,0.0211527646901426,166178854763.667,1.15833449363709,38
ESP,2001,0.0225889158590763,172028335373.835,1.12698900699615,35
ESP,2002,0.0230947018415034,186104406109.577,1.05202293395996,37
ESP,2003,0.0246499003471267,229341907662.13,1.03010559082031,42
ESP,2004,0.023571452049158,266673498733.418,1.03656840324402,42
ESP,2005,0.022140556535482,285022916346.695,1.05434358119965,42
ESP,2006,0.0213116811262983,316857081263.916,0.992773115634918,44
ESP,2007,0.0216673267828705,373436230531.956,1.00002562999725,44
ESP,2008,0.0207177330306719,411670746727.354,0.964207291603088,44
ESP,2009,0.0213473805796108,335786710388.746,1.01800572872162,46
ESP,2010,0.0191741299128723,359239018846.221,0.995295763015747,47
ESP,2011,0.0192295605987544,429127291771.207,0.962456405162811,52
ESP,2012,0.0180731382190647,408078824259.368,0.926644802093506,49
ESP,2013,0.0187174411809472,437278017242.648,0.954574763774872,47
ESP,2014,0.0191559446679295,451470100344.588,0.956474721431732,47
ESP,2015,0.0190192363875139,394816330171.203,0.86856347322464,54
ESP,2016,0.0201645273881983,410239005887.927,0.809605419635773,60
ESP,2017,0.0202455388972735,450951523918.31,0.800465822219849,61
ESP,2018,0.0197268471858825,478572295555.229,0.828873753547669,58
FIN,1994,0.00693711043226478,35417286963.1816,1.89812707901001,8
FIN,1995,0.00781622196466485,47115358008.2246,2.11192321777344,6
FIN,1996,0.00736400530291923,47528196220.4383,2.01281833648682,5
FIN,1997,0.00707892530957926,47457886527.6602,1.9774911403656,7
FIN,1998,0.00734299362022048,48934665150.9835,1.96304225921631,7
FIN,1999,0.0069086639796095,48021504186.8363,1.96525573730469,7
FIN,2000,0.00674684450936468,53004082929.984,1.97249841690063,7
FIN,2001,0.00696311262301377,53028338368.718,1.95851349830627,9
FIN,2002,0.00633009037874807,51009868784.6999,1.95717644691467,7
FIN,2003,0.00641891792057374,59721413080.788,2.04393815994263,6
FIN,2004,0.00622902471460564,70471509810.9602,1.95453464984894,8
FIN,2005,0.00612297346299968,78823120382.7596,1.96319806575775,7
FIN,2006,0.00603890456534361,89785018050.2615,1.85996758937836,6
FIN,2007,0.00605695187335161,104391524564.353,1.84105062484741,5
FIN,2008,0.0060788935133552,120790369690.262,1.72069334983826,6
FIN,2009,0.0053347090062586,83913076895.4254,1.81466913223267,8
FIN,2010,0.00486203885367656,91093263440.0477,1.70054745674133,11
FIN,2011,0.00466269262629443,104052749869.538,1.71507775783539,15
FIN,2012,0.00435937721323028,98431689400.877,1.57526671886444,17
FIN,2013,0.00432822137183592,101116175088.623,1.69258451461792,18
FIN,2014,0.00426573650022784,100535500555.379,1.59527635574341,13
FIN,2015,0.0041521010595828,86192593090.6805,1.54643321037292,20
FIN,2016,0.00418519863229138,85146142694.1056,1.59501791000366,19
FIN,2017,0.00441817336030431,98410915109.4431,1.69211602210999,14
FIN,2018,0.00451143153306743,109447096369.533,1.54583513736725,19
FRA,1994,0.0610827552701909,311856859283.104,1.69558811187744,12
FRA,1995,0.061741622583602,372171960467.07,1.85002911090851,10
FRA,1996,0.0578913567017229,373637938540.883,1.56354475021362,12
FRA,1997,0.0543984740812749,364693296980.195,1.66415154933929,11
FRA,1998,0.0580986837912841,387177190132.707,1.65369629859924,11
FRA,1999,0.0574052504687699,399018751508.05,1.64434719085693,13
FRA,2000,0.0497752522575888,391040818394.456,1.6395583152771,11
FRA,2001,0.0511103409729612,389236337539.184,1.6230012178421,17
FRA,2002,0.0518127653820075,417523637953.39,1.64328908920288,18
FRA,2003,0.0520353439814045,484135225152.807,1.66681659221649,15
FRA,2004,0.0491800256353724,556393788411.199,1.57826435565948,18
FRA,2005,0.0456517688801908,587690751213.27,1.52750253677368,20
FRA,2006,0.0433340846886889,644281017172.212,1.49608206748962,23
FRA,2007,0.0427212752292464,736300889583.685,1.40781378746033,20
FRA,2008,0.0412133591407449,818928128260.702,1.4835684299469,22
FRA,2009,0.0418289648583516,657954752639.184,1.52542102336884,18
FRA,2010,0.0380879612358837,713601184846.781,1.5098135471344,17
FRA,2011,0.0368528711336144,822409472246.894,1.45864748954773,21
FRA,2012,0.0350983257149335,792495653915.473,1.41329205036163,24
FRA,2013,0.0352219201012522,822856673434.199,1.52393579483032,24
FRA,2014,0.0356718741249147,840719936804.634,1.44076240062714,23
FRA,2015,0.0361514514351695,750460381015.427,1.43566703796387,23
FRA,2016,0.0367800272828259,748274508921.458,1.46794557571411,22
FRA,2017,0.0357201363115241,795634533908.15,1.38521635532379,22
FRA,2018,0.0355102956350061,861477941089.927,1.37257361412048,28
GBR,1994,0.0525192783110989,268136188576.736,1.94694447517395,7
GBR,1995,0.0521593028669287,314410752297.531,1.87629878520966,9
GBR,1996,0.0533551749844268,344360863649.893,1.93692350387573,8
GBR,1997,0.0562708239672673,377245734609.288,1.98496770858765,6
GBR,1998,0.0570738755233239,380347734459.684,1.99525249004364,6
GBR,1999,0.0559742507347746,389072000599.302,2.00363445281982,5
GBR,2000,0.0533035545116768,418759617162.999,2.13272762298584,4
GBR,2001,0.0534408007742991,406984206572.868,2.10070848464966,5
GBR,2002,0.0528951036349635,426245461649.51,2.08650898933411,6
GBR,2003,0.051886162588165,482747246100.906,1.97115218639374,7
GBR,2004,0.0499484235183238,565086988619.598,1.88066446781158,11
GBR,2005,0.0488263833846503,628558643711.251,1.84188258647919,10
GBR,2006,0.0485930819132165,722470555625.965,1.85007929801941,7
GBR,2007,0.0448966723137644,773793843619.66,1.64903914928436,11
GBR,2008,0.0400032149064183,794882013762.774,1.70983684062958,8
GBR,2009,0.0401011761042128,630777249533.577,1.61560237407684,13
GBR,2010,0.037121303844058,695490269014.987,1.6058828830719,14
GBR,2011,0.0368760020838021,822925663033.428,1.59042084217072,18
GBR,2012,0.0355106701319868,801806102541.574,1.54171025753021,19
GBR,2013,0.0380720041393665,889440512812.316,1.62645196914673,20
GBR,2014,0.0372847545843163,878732538922.292,1.53046119213104,18
GBR,2015,0.0394647795497301,819241062857.243,1.60897946357727,18
GBR,2016,0.0372256823513058,757341177767.32,1.56859397888184,20
GBR,2017,0.0358483495831503,798490371459.315,1.49983274936676,18
GBR,2018,0.0357397504040694,867044501956.04,1.50731313228607,22
GRC,1994,0.00362213488645379,18492741602.645,0.0139611708000302,107
GRC,1995,0.00333835503183036,20123250490.3652,0.156186208128929,95
GRC,1996,0.00324597064475304,20949893893.8091,0.217392042279243,85
GRC,1997,0.00301838423686112,20235576778.2987,0.198676496744156,92
GRC,1998,0.00156739489970407,10445323602.7836,0.123050287365913,94
GRC,1999,0.00395169613915517,27467885723.1483,0.105536505579948,102
GRC,2000,0.00384949522900732,30242132314.3988,0.272884666919708,91
GRC,2001,0.00397701736383662,30287406492.7181,0.346120893955231,81
GRC,2002,0.00384012499464054,30944940810.1819,0.223484441637993,96
GRC,2003,0.00407045902998504,37871424462.214,0.272157520055771,89
GRC,2004,0.00429601184009436,48602542839.0642,0.299827486276627,91
GRC,2005,0.00399600737375943,51441962336.6987,0.231001496315002,90
GRC,2006,0.00382259038783506,56833378182.5542,0.186785966157913,98
GRC,2007,0.00389470626976186,67125236213.2123,0.288868099451065,98
GRC,2008,0.00401781378038872,79835781102.8532,0.29477870464325,98
GRC,2009,0.00389297849118144,61235168234.9493,0.230932980775833,103
GRC,2010,0.00343340528162931,64326942097.4307,0.175577759742737,102
GRC,2011,0.00323533390473902,72199781653.1572,0.137680634856224,104
GRC,2012,0.00308479676904031,69652554156.929,0.156254827976227,104
GRC,2013,0.00312318193374529,72963969287.9796,0.0892705619335175,111
GRC,2014,0.00324061239371581,76375225964.0938,0.0614476911723614,117
GRC,2015,0.00301885568802424,62667790639.832,0.0595185235142708,115
GRC,2016,0.00295809774388067,60181280443.9528,0.100261613726616,107
GRC,2017,0.00312400695797081,69584499853.3511,0.109724402427673,112
GRC,2018,0.00332559964665698,80678875950.1959,0.107510536909103,109
HKG,1994,0.0131980342886249,67382316068.6707,0.709601104259491,48
HKG,1995,0.0116468184314207,70205787723.7759,0.541993916034699,61
HKG,1996,0.0109427057359277,70625569103.4764,0.700951278209686,53
HKG,1997,0.010428039092456,69910710215.5868,0.467916458845139,67
HKG,1998,0.0142586173743963,95021281893.8999,0.51514595746994,67
HKG,1999,0.013517632659115,93959853200.5165,0.551991283893585,63
HKG,2000,0.0132464020072398,104065447119.924,0.596614718437195,68
HKG,2001,0.0127263908514756,96919207949.3484,0.653225481510162,58
HKG,2002,0.0123039303015686,99148958808.9001,0.693495094776154,57
HKG,2003,0.0114880190556301,106884172689.332,0.656414747238159,60
HKG,2004,0.0109173781474921,123512773906.157,0.702279269695282,56
HKG,2005,0.010373655136034,133543591612.474,0.704777002334595,57
HKG,2006,0.00985904602330811,146581986117.33,0.626051664352417,68
HKG,2007,0.00908897899821451,156648491550.912,0.764502108097076,62
HKG,2008,0.00866320454874943,172141801439.162,0.786175310611725,60
HKG,2009,0.0090733890048807,142721184674.82,0.663422167301178,71
HKG,2010,0.00928296131389494,173921942197.35,0.811656773090363,61
HKG,2011,0.00898338821127474,200473486340.787,0.858829617500305,55
HKG,2012,0.00911739280078007,205864354566.182,0.800977170467377,58
HKG,2013,0.00905792248398355,211611744674.038,0.775562167167664,58
HKG,2014,0.00887529437750676,209174233516.609,0.944140076637268,48
HKG,2015,0.0100754149691119,209153421410.141,0.996079087257385,47
HKG,2016,0.0102524843938956,208582572983.826,0.880584001541138,54
HKG,2017,0.00958286755286391,213449923383.036,0.890625536441803,59
HKG,2018,0.00934288185844575,226657832139.417,0.863616764545441,54
HUN,1994,0.00275630487975934,14072262772.4673,0.933154404163361,39
HUN,1995,0.00341209209669276,20567729706.1774,0.918323457241058,37
HUN,1996,0.00345811797455449,22319118860.8862,0.905361831188202,36
HUN,1997,0.00391615784465423,26254348857.8004,0.910512447357178,41
HUN,1998,0.00455347835458362,30344972374.7833,0.777911245822907,47
HUN,1999,0.00462021678902376,32114712849.4063,0.788494408130646,45
HUN,2000,0.00458835846116652,36046737411.9261,1.06059002876282,42
HUN,2001,0.00522570810428966,39796946074.7405,1.05959582328796,40
HUN,2002,0.0052541031105039,42339223330.5038,1.24443161487579,34
HUN,2003,0.0056766789425822,52815644669.6954,1.30643260478973,30
HUN,2004,0.00573048230454375,64831295178.4066,1.36045145988464,27
HUN,2005,0.00571442344164824,73563716971.9881,1.44785678386688,24
HUN,2006,0.00583669431182911,86778603382.6182,1.47732388973236,26
HUN,2007,0.00648610216339943,111787926910.297,1.48327100276947,18
HUN,2008,0.00642880179202841,127743205801.926,1.48550128936768,21
HUN,2009,0.00632731173979366,99526365156.8881,1.59002757072449,14
HUN,2010,0.00602194836946573,112824875685.084,1.66421890258789,13
HUN,2011,0.00585144188595623,130580904154.391,1.62089037895203,17
HUN,2012,0.00531382984472253,119982562467.28,1.60715711116791,16
HUN,2013,0.00544632755131409,127237440730.78,1.69397604465485,17
HUN,2014,0.00573162035648991,135083665271.48,1.70181441307068,11
HUN,2015,0.0058951020427066,122375184106.454,1.66525495052338,16
HUN,2016,0.00623392620540124,126826661495.636,1.72131931781769,15
HUN,2017,0.00627018792171879,139662906129.61,1.6994800567627,13
HUN,2018,0.00626199563473217,151915691211.684,1.66225707530975,15
IRL,1994,0.00651115292975849,33242568937.9044,1.49633026123047,15
IRL,1995,0.00718631380937096,43318338376.0878,1.33158361911774,20
IRL,1996,0.00704410337984664,45463509851.3149,1.48264563083649,15
IRL,1997,0.0077717345933261,52102555447.7961,1.59354341030121,13
IRL,1998,0.00928002717869621,61843308883.0452,1.56843614578247,12
IRL,1999,0.0103030341816837,71615467267.3499,1.65529704093933,11
IRL,2000,0.00977994375368246,76832502816.8727,1.62312316894531,13
IRL,2001,0.0108157645014631,82368626037.2039,1.76581704616547,13
IRL,2002,0.0116087456429048,93546941128.6104,1.77647364139557,13
IRL,2003,0.0108073788954823,100551517767.343,1.60643792152405,16
IRL,2004,0.0104121291993043,117796685458.842,1.48890352249146,20
IRL,2005,0.0139930404006129,180137169413.434,1.51283609867096,21
IRL,2006,0.0128765804837066,191445981410.283,1.49428582191467,24
IRL,2007,0.0128879638238318,222123969321.81,1.26327204704285,28
IRL,2008,0.0116276092331784,231045866291.926,1.61912870407105,13
IRL,2009,0.0136409442489668,214567205511.466,1.48495304584503,22
IRL,2010,0.0120064538964614,224948236878.879,1.31754076480865,25
IRL,2011,0.0111278247629774,248328778981.585,1.32312989234924,27
IRL,2012,0.0106518396503004,240511091544.059,1.17340290546417,29
IRL,2013,0.0106394477006415,248559434493.059,1.33338177204132,30
IRL,2014,0.0112747121112321,265724060935.309,1.37200891971588,26
IRL,2015,0.0134604195779689,279422020530.077,1.25173211097717,29
IRL,2016,0.0142562065104441,290036650697.825,1.28203547000885,27
IRL,2017,0.0150448232010669,335110168419.193,1.42852854728699,21
IRL,2018,0.0160352151095158,389013491733.982,1.35966432094574,29
ITA,1994,0.0470672975428071,240301203207.288,1.70081973075867,11
ITA,1995,0.0476695610851676,287347064448.279,1.65295886993408,12
ITA,1996,0.0484749134891419,312863055539.543,1.59518754482269,11
ITA,1997,0.04477826919482,300198395295.556,1.59482884407043,12
ITA,1998,0.0458512197076065,305558495512.969,1.56580018997192,13
ITA,1999,0.0425003954911474,295416440290.629,1.49421691894531,16
ITA,2000,0.038060962669272,299011844561.849,1.5219818353653,17
ITA,2001,0.0399264568101624,304064256349.328,1.50354206562042,21
ITA,2002,0.0393329518667937,316957356624.167,1.39470744132996,25
ITA,2003,0.0400680584988607,372791972504.573,1.45070791244507,21
ITA,2004,0.0388073769588782,439043762289.577,1.4367002248764,23
ITA,2005,0.0361363722710928,465195813591.707,1.46345353126526,22
ITA,2006,0.034911703359875,519059025095.456,1.41756784915924,28
ITA,2007,0.0357641196969083,616394361046.22,1.40496695041657,21
ITA,2008,0.0330683013285142,657082137353.571,1.37513661384583,25
ITA,2009,0.0320286546611166,503799355931.546,1.38661599159241,25
ITA,2010,0.0292109160323837,547284328559.185,1.42159020900726,21
ITA,2011,0.0283866562198719,633477236441.015,1.41529512405396,24
ITA,2012,0.0269925880896823,609473765864.058,1.39152574539185,25
ITA,2013,0.0269633247089421,629918857658.685,1.42337167263031,29
ITA,2014,0.0272974630162149,643350593286.886,1.47783732414246,20
ITA,2015,0.0267279266308952,554839410504.568,1.45389103889465,22
ITA,2016,0.027626871302797,562057319810.351,1.47596430778503,21
ITA,2017,0.0277840921152543,618866148420.874,1.44379770755768,20
ITA,2018,0.0276754044278138,671403884393.485,1.43998467922211,24
JPN,1994,0.0781927545674091,399211639197.077,2.75376605987549,1
JPN,1995,0.0741411778599802,446915166152.681,2.7586030960083,1
JPN,1996,0.0748616234617716,483166128066.363,2.86893367767334,1
JPN,1997,0.0734087910886499,492140533380.613,2.76418733596802,1
JPN,1998,0.068002599357222,453178172425.299,2.70385193824768,1
JPN,1999,0.0693300611894573,481907042158.869,2.77883458137512,1
JPN,2000,0.0701501381560466,551108556779.687,2.89514946937561,1
JPN,2001,0.0621034474998507,472955530979.279,2.7011342048645,1
JPN,2002,0.0610938655540971,492313676267.12,2.78609466552734,1
JPN,2003,0.0598813821330534,557134520563.701,2.70408821105957,1
JPN,2004,0.0593902101616855,671905791009.4,2.7404088973999,1
JPN,2005,0.0549835961300864,707822538024.784,2.64862155914307,1
JPN,2006,0.0515833525739631,766929199134.108,2.44363284111023,1
JPN,2007,0.0492026138717714,848006717243.935,2.30151081085205,1
JPN,2008,0.0469537916661136,932993124694.331,2.31182837486267,1
JPN,2009,0.0456707968081794,718385403954.371,2.27713060379028,1
JPN,2010,0.0488124250209763,914530555061.494,2.43864035606384,2
JPN,2011,0.0438236723889048,977970024387.222,2.34853959083557,2
JPN,2012,0.0411432430403735,928985660521.436,2.32934355735779,2
JPN,2013,0.0361279098111431,844022461009.19,2.33062195777893,2
JPN,2014,0.0359380861025949,846994059556.586,2.297123670578,1
JPN,2015,0.0376585977092661,781746913705.069,2.43775010108948,1
JPN,2016,0.0411188097299843,836545251082.666,2.48712921142578,1
JPN,2017,0.0405253265381929,902665908396.558,2.44354462623596,1
JPN,2018,0.0389081149776513,943908863140.938,2.42647910118103,1
KOR,1994,0.0220131594960891,112387772178.616,1.04508912563324,30
KOR,1995,0.024807559350224,149537339827.35,1.04687464237213,32
KOR,1996,0.0235030656851477,151691677519.94,1.23985195159912,24
KOR,1997,0.0238885573882011,160151491400.059,1.28142154216766,25
KOR,1998,0.0230250200298775,153441730107.742,1.13408064842224,27
KOR,1999,0.0242015658276955,168222915190.668,1.16573703289032,29
KOR,2000,0.025528028725242,200551494808.223,1.25310587882996,31
KOR,2001,0.0235628846041755,179445699844.571,1.45686590671539,23
KOR,2002,0.0237965992216428,191760517020.953,1.41464591026306,22
KOR,2003,0.024478259154643,227744963335.245,1.38757121562958,23
KOR,2004,0.0261671411018995,296039592933.937,1.47728419303894,21
KOR,2005,0.0259029233817075,333457144689.546,1.67288219928741,15
KOR,2006,0.0257026657570634,382141211865.047,1.59185302257538,17
KOR,2007,0.025616920006675,441507443026.804,1.56532692909241,14
KOR,2008,0.0257832836747099,512325534253.048,1.56537222862244,16
KOR,2009,0.0273523968749783,430243482737.582,1.62236905097961,12
KOR,2010,0.029467873572186,552098584794.184,1.74506533145905,9
KOR,2011,0.0292341287525253,652389451877.263,1.75185704231262,14
KOR,2012,0.0290832897508239,656680347555.32,1.84187471866608,7
KOR,2013,0.0286240058373561,668715792778.446,1.81374001502991,14
KOR,2014,0.0292614173688166,689637356169.729,1.96594405174255,4
KOR,2015,0.0298376828438973,619394186034.39,2.05759072303772,6
KOR,2016,0.0288339074997127,586613974174.75,2.09877014160156,6
KOR,2017,0.0296414897675591,660238043043.146,2.11238145828247,5
KOR,2018,0.0292997248423931,710809813896.438,2.10576868057251,4
MEX,1994,0.0151118461579284,77153246606.7531,1.01456332206726,31
MEX,1995,0.0152983909337868,92217079946.5071,0.70739734172821,51
MEX,1996,0.0167473849084055,108089682633.765,0.888892590999603,37
MEX,1997,0.01872004329429,125501209802.439,0.783316671848297,48
MEX,1998,0.018852336410608,125634423408.242,0.738259434700012,50
MEX,1999,0.0204782942539637,142342788150.998,0.961531758308411,37
MEX,2000,0.0221072557563376,173677460009.172,0.922707915306091,47
MEX,2001,0.0222830691985997,169699127004.134,1.07556664943695,37
MEX,2002,0.0217298600435382,175106079567.54,1.26373398303986,32
MEX,2003,0.0190423061424158,177169025249.101,1.16086935997009,36
MEX,2004,0.0178796706290867,202280042524.151,1.17566525936127,38
MEX,2005,0.0174905353544247,225161611777.64,1.33957982063293,26
MEX,2006,0.0176616503538442,262589279008.93,1.30200660228729,33
MEX,2007,0.0166247126094558,286526809364.425,1.34447038173676,26
MEX,2008,0.0152161055490067,302350914763.122,1.21853411197662,30
MEX,2009,0.0155146071642312,244039257332.894,1.19422841072083,34
MEX,2010,0.0170071053071639,318638491119.136,1.25844991207123,27
MEX,2011,0.0165523030265413,369381553669.829,1.02912580966949,44
MEX,2012,0.0173543450664317,391848977452.645,1.16512084007263,30
MEX,2013,0.0170692502773522,398772879526.759,1.23504459857941,32
MEX,2014,0.0176546456511385,416087265955.188,1.28810214996338,29
MEX,2015,0.0198916786180637,412927175040.779,1.33199954032898,25
MEX,2016,0.0201789861142085,410533162714.451,1.39340126514435,24
MEX,2017,0.0199550351548016,444480809256.853,1.35382235050201,24
MEX,2018,0.0201667133963096,489243427139.393,1.28810739517212,32
MLT,1994,0.000518488020276277,2647130845.09766,0.94122177362442,37
MLT,1995,0.000480940102153095,2899055988.41663,0.800337672233582,45
MLT,1996,0.000429553387682338,2772390412.16156,1.24386096000671,23
MLT,1997,0.000407940083407031,2734874764.42462,1.0945543050766,32
MLT,1998,0.000463206417792261,3086867852.9194,1.05987548828125,31
MLT,1999,0.00044901031210331,3121030440.36316,1.00691139698029,35
MLT,2000,0.000437099938446514,3433913639.76929,0.849445402622223,50
MLT,2001,0.000432620784725034,3294670444.065,1.07343578338623,38
MLT,2002,0.000473770924555925,3817795836.96613,0.880675375461578,43
MLT,2003,0.000484612726832401,4508821767.38879,1.12782275676727,38
MLT,2004,0.000614836109462565,6955892921.49194,1.23349046707153,33
MLT,2005,0.000577312419157323,7431939169.5365,1.2649302482605,34
MLT,2006,0.000612148947733558,9101287117.05826,1.51420795917511,21
MLT,2007,0.000679652615154533,11713808224.6097,1.15677344799042,32
MLT,2008,0.000870540358833688,17298031548.471,0.850359737873077,55
MLT,2009,0.00091400347577773,14376949868.4264,1.09214651584625,41
MLT,2010,0.000886655185163164,16612025694.0105,1.08723533153534,41
MLT,2011,0.000826674230413327,18448080071.9543,1.34793961048126,26
MLT,2012,0.000811575160090056,18324799661.9813,0.786898553371429,59
MLT,2013,0.00082452132442744,19262518120.6348,0.689786791801453,64
MLT,2014,0.000839179833847863,19777912828.7386,0.913189709186554,51
MLT,2015,0.000915435683504153,19003336921.8837,0.92419445514679,51
MLT,2016,0.00100226734375613,20390716371.4185,1.02567577362061,47
MLT,2017,0.000950570076099996,21173110114.9481,1.00365877151489,49
MLT,2018,0.000935436282002994,22693635967.5457,0.801921784877777,61
NLD,1994,0.0366303174015361,187015397207.549,1.43184638023376,17
NLD,1995,0.0370855033494168,223547485616.717,1.40193605422974,19
NLD,1996,0.034820144077889,224733493809.652,1.33718419075012,20
NLD,1997,0.0346026715168578,231980079826.346,1.34548604488373,24
NLD,1998,0.0327102756027623,217985533748.768,1.30157840251923,21
NLD,1999,0.0320305153149812,222641241467.91,1.42545449733734,20
NLD,2000,0.0335019590551897,263195722624.623,1.24250841140747,32
NLD,2001,0.0347707951258922,264800756373.108,1.28846895694733,31
NLD,2002,0.0343263130731639,276612278965.742,1.17476534843445,35
NLD,2003,0.0354011063522708,329370794601.452,1.24601173400879,32
NLD,2004,0.0355854557158584,402592846634.157,1.1714231967926,39
NLD,2005,0.0342402403751763,440786262644.511,1.08076405525208,41
NLD,2006,0.0335429964230543,498709411072.209,1.11769664287567,42
NLD,2007,0.0344349972266817,593486944262.847,0.999600946903229,45
NLD,2008,0.0342341154463809,680247392342.471,1.07021403312683,37
NLD,2009,0.0350438202728863,551226839518.006,1.11015629768372,40
NLD,2010,0.0323708778293463,606488140189.265,1.10621237754822,39
NLD,2011,0.0302060365397527,674078567155.918,0.998794794082642,48
NLD,2012,0.0303157897497407,684509335767.621,0.963650763034821,45
NLD,2013,0.030382080830476,709788049382.509,1.01716637611389,42
NLD,2014,0.0307017808553239,723584053085.95,1.08700263500214,41
NLD,2015,0.0295956914484989,614370737525.862,1.12163412570953,35
NLD,2016,0.0304968976397258,620446823747.99,1.09362256526947,42
NLD,2017,0.0311891687049623,694711226439.231,1.03233087062836,44
NLD,2018,0.0313368238322731,760229730352.109,0.980054616928101,46
NOR,1994,0.00910444069775369,46482550909.3618,0.677984118461609,50
NOR,1995,0.00927589458311939,55914109924.9683,0.873423397541046,41
NOR,1996,0.00993228563605626,64104193466.6707,0.815728485584259,41
NOR,1997,0.0095926774119442,64310354496.3882,0.854464173316956,42
NOR,1998,0.00832266631861268,55463331514.1641,0.882434546947479,41
NOR,1999,0.00873556134090518,60720104023.695,0.824706137180328,42
NOR,2000,0.00959473929783638,75377512662.1355,0.642350971698761,61
NOR,2001,0.00951883709929489,72491734933.2836,0.540865302085877,66
NOR,2002,0.00928630058590796,74831944891.7776,0.754833996295929,51
NOR,2003,0.0094838477500877,88237425074.8582,0.876846611499786,50
NOR,2004,0.0093853518872272,106180332861.614,0.735597312450409,51
NOR,2005,0.0101848884984174,131113534469.319,0.704598009586334,58
NOR,2006,0.01008292714347,149910598152.4,0.610194861888886,70
NOR,2007,0.00967521734690181,166752305524.869,0.640834748744965,74
NOR,2008,0.0105919568868186,210466984705.571,0.705001294612885,67
NOR,2009,0.00947332273830082,149012000178.756,0.7330641746521,65
NOR,2010,0.00890459117168039,166832946802.643,0.622439622879028,72
NOR,2011,0.00876594056163171,195620919870.84,0.533854842185974,82
NOR,2012,0.00835253208102505,188594334304.258,0.511952042579651,83
NOR,2013,0.00797242030522318,186252175710.943,0.704579889774323,63
NOR,2014,0.00774780273004633,182601345776.5,0.681903123855591,67
NOR,2015,0.00651367757582596,135216063568.903,0.912487328052521,53
NOR,2016,0.00629699503471199,128109770855.992,0.568731307983398,74
NOR,2017,0.0063372310062017,141156231709.588,0.41246709227562,85
NOR,2018,0.00651187111353636,157977657443.158,0.43622624874115,83
NZL,1994,0.00230449360731236,11765548810.5518,0.477714270353317,61
NZL,1995,0.00222176614740825,13392570978.5267,0.500529885292053,65
NZL,1996,0.0021995910308133,14196431129.0988,0.392491489648819,71
NZL,1997,0.00206901373148852,13870893475.9178,0.352162331342697,78
NZL,1998,0.00179763699219368,11979686872.3655,0.372222632169724,76
NZL,1999,0.00175405687072225,12192292114.6469,0.347646325826645,83
NZL,2000,0.00232153371075471,18238269039.5192,0.39383801817894,82
NZL,2001,0.00246202861235438,18749845564.4518,0.208888471126556,97
NZL,2002,0.00252912550133235,20380492574.9759,0.36855012178421,81
NZL,2003,0.00259454992833563,24139611994.7599,0.392219096422195,81
NZL,2004,0.00257937017235958,29181472017.814,0.449145674705505,78
NZL,2005,0.00241897071890473,31140232981.7036,0.484412521123886,71
NZL,2006,0.00214932538949976,31955666264.3071,0.420640885829926,81
NZL,2007,0.002202595510849,37961718729.803,0.386540859937668,92
NZL,2008,0.00210733165936697,41873635331.117,0.322222590446472,96
NZL,2009,0.00219049701168581,34455739566.1406,0.253345996141434,100
NZL,2010,0.00222787060769615,41740514686.2911,0.171390727162361,103
NZL,2011,0.00223987561034182,49985112745.2507,0.290739685297012,93
NZL,2012,0.00220082044236364,49692986776.2731,0.217977792024612,99
NZL,2013,0.00223792171433014,52282465350.161,0.195749461650848,99
NZL,2014,0.00232841399648339,54876400974.1588,0.122638277709484,108
NZL,2015,0.0023340301535673,48451641325.9023,0.213471472263336,100
NZL,2016,0.00238303100628541,48481784482.13,0.102947302162647,106
NZL,2017,0.00242561576802605,54028452025.0009,0.1721281260252,104
NZL,2018,0.00233827127536955,56726340572.3187,0.128676638007164,108
POL,1994,0.00465806227857167,23781649437.9612,0.61704695224762,53
POL,1995,0.00557070066024862,33579593459.7056,0.775062382221222,48
POL,1996,0.00523004187798322,33755333733.8522,0.798142969608307,45
POL,1997,0.00512258642300354,34342377488.015,0.840101599693298,43
POL,1998,0.00569418473157378,37946788130.1304,0.832729816436768,44
POL,1999,0.00507542482618741,35278823121.2409,0.783995807170868,46
POL,2000,0.00518608286789511,40742537645.5824,0.943318843841553,46
POL,2001,0.0058105643513951,44250982171.48,0.979330658912659,41
POL,2002,0.00612307927584888,49341707895.3522,0.942081332206726,42
POL,2003,0.00682497062264938,63499314816.4534,0.876035392284393,51
POL,2004,0.0075614962764329,85546306756.6133,0.982077777385712,43
POL,2005,0.0079954568295026,102928235765.747,0.969939708709717,46
POL,2006,0.00869625622321964,129293899832.816,1.06779766082764,43
POL,2007,0.00968473498372779,166916341931.182,1.10767686367035,38
POL,2008,0.0103042509989755,204750138296.223,1.11783134937286,35
POL,2009,0.0104590864576921,164517713178.088,1.15557599067688,38
POL,2010,0.0100510332375918,188312238159.982,1.08733284473419,40
POL,2011,0.0101351280669999,226175737963.965,1.16658771038055,37
POL,2012,0.00970094384692884,219040529169.69,1.03911411762238,38
POL,2013,0.0105196055676693,245759675178.653,1.11098515987396,37
POL,2014,0.0110108851016074,259506147458.649,1.13341081142426,38
POL,2015,0.0114827223355814,238367419203.298,1.14112663269043,34
POL,2016,0.0120890670110837,245947090019.184,1.1232944726944,38
POL,2017,0.0125350444941525,279207061155.737,1.18764019012451,30
POL,2018,0.0135287882118198,328207704434.624,1.09862792491913,42
PRT,1994,0.0048271017034417,24644677045.3736,0.405328631401062,64
PRT,1995,0.0051795087444652,31221530031.443,0.403729289770126,71
PRT,1996,0.0048954265549172,31595685270.978,0.485718786716461,66
PRT,1997,0.00466821395469778,31296214956.3992,0.477356255054474,66
PRT,1998,0.00494752221505793,32970931944.4625,0.5439532995224,64
PRT,1999,0.00483351145259936,33597304941.0403,0.54044234752655,66
PRT,2000,0.00427365310907939,33574371469.9834,0.627136051654816,64
PRT,2001,0.00436725133613803,33259275575.7737,0.701375007629395,55
PRT,2002,0.00447442643551074,36056342280.4297,0.584072709083557,69
PRT,2003,0.00472249626035585,43937958613.4324,0.600146174430847,68
PRT,2004,0.00453305293996502,51284285962.6655,0.698492467403412,57
PRT,2005,0.00412400533942034,53089723692.6813,0.673497200012207,60
PRT,2006,0.0042040560132442,62504919716.6711,0.695405066013336,64
PRT,2007,0.00423245760989968,72946378275.7345,0.73879086971283,65
PRT,2008,0.00411355467658859,81738196109.9679,0.744284570217133,66
PRT,2009,0.00413818497542457,65092179094.1005,0.647257626056671,74
PRT,2010,0.00377811619976592,70785311399.1762,0.657572448253632,69
PRT,2011,0.00384508275238208,85806950174.035,0.698568642139435,72
PRT,2012,0.00362111673564959,81762284008.3762,0.699252605438232,64
PRT,2013,0.00386430390280596,90278106516.0801,0.705346345901489,62
PRT,2014,0.0039480700929416,93048692295.083,0.763631999492645,61
PRT,2015,0.00390550095044373,81073473262.3983,0.72495836019516,63
PRT,2016,0.00405908796670503,82580473135.5774,0.683981359004974,67
PRT,2017,0.00419368409021696,93410614600.6316,0.713919997215271,66
PRT,2018,0.00435296684230457,105602751142.531,0.801114082336426,62
ROU,1994,0.00142335980301088,7266936729.25086,0.588354527950287,56
ROU,1995,0.00158340307884704,9544586024.86762,0.615819394588471,58
ROU,1996,0.00151004066228123,9745988215.03998,0.607056856155396,57
ROU,1997,0.00151476222585017,10155130996.1563,0.717635929584503,52
ROU,1998,0.00150584323218821,10035135279.7161,0.561714947223663,62
ROU,1999,0.00149405888667554,10385069427.8411,0.518341362476349,69
ROU,2000,0.00158557512605741,12456483228.0655,0.549591600894928,72
ROU,2001,0.00182729046127666,13915928425.2062,0.461697518825531,73
ROU,2002,0.00205965306491096,16597335313.8588,0.549627959728241,73
ROU,2003,0.00228349307274265,21245548665.9646,0.399906039237976,80
ROU,2004,0.00244288164958175,27637321414.3547,0.527685165405273,67
ROU,2005,0.00291759304328009,37559167791.2814,0.567593097686768,66
ROU,2006,0.00300494177431122,44676770186.9066,0.730659246444702,61
ROU,2007,0.00293818131200793,50639535036.8328,0.892055332660675,52
ROU,2008,0.00316613213666438,62912480772.3147,0.891669929027557,51
ROU,2009,0.00320996672753284,50491635911.7645,0.949554026126862,52
ROU,2010,0.00312948692564658,58632846328.3549,0.897916972637177,54
ROU,2011,0.00328125725471926,73224608128.2542,0.970275044441223,50
ROU,2012,0.00307952825994769,69533594905.3558,0.952237665653229,46
ROU,2013,0.00351599757622683,82140952595.9904,1.06936681270599,39
ROU,2014,0.00379744485901583,89498734793.4444,1.08485782146454,42
ROU,2015,0.00379230402834264,78723642151.4098,1.03974485397339,41
ROU,2016,0.00410748308233423,83565051833.7706,1.17958056926727,35
ROU,2017,0.00422863837660338,94189190502.879,1.17607355117798,32
ROU,2018,0.00440446926859151,106852197348.636,1.08788514137268,44
RUS,1994,0.010893898693585,55618595083.049,0.0863198712468147,98
RUS,1995,0.011393227369758,68677167667.7008,0.224922880530357,89
RUS,1996,0.015247391715074,98408542019.4696,0.50135737657547,64
RUS,1997,0.0147414887957921,98828546979.1259,0.598889708518982,59
RUS,1998,0.0126690891338775,84428458827.3473,0.70521092414856,52
RUS,1999,0.0120225109260123,83567396022.4098,0.541030406951904,65
RUS,2000,0.015889093327929,124826771873.405,0.75522255897522,57
RUS,2001,0.0159446408778849,121428139600.335,0.575425684452057,64
RUS,2002,0.0161539999594541,130174036858.344,0.602176785469055,66
RUS,2003,0.0176606960240534,164314567594.977,0.692561328411102,57
RUS,2004,0.0193844752344137,219304513828.5,0.424105256795883,82
RUS,2005,0.0220271677861731,283563224402.768,0.563762664794922,67
RUS,2006,0.0236600320162913,351771812034.192,0.31153279542923,89
RUS,2007,0.0244937690669187,422149944177.772,0.179913461208344,106
RUS,2008,0.0266545361873132,529637716619.742,0.0557819791138172,117
RUS,2009,0.0236075174443784,371337860096.243,0.0299094878137112,119
RUS,2010,0.0252863224725626,473754674478.045,0.132893204689026,108
RUS,2011,0.0278559263797416,621633457807.194,-0.0284018535166979,121
RUS,2012,0.0270823589716187,611500729610.436,-0.130099833011627,133
RUS,2013,0.026705299508804,623890856992.126,-0.081748403608799,123
RUS,2014,0.0247133519872151,582447887323.381,-0.0105553111061454,120
RUS,2015,0.0196543762505878,408001065077.223,0.174110680818558,102
RUS,2016,0.0168468627330766,342742484705.725,0.0974173843860626,109
RUS,2017,0.0193106824519226,430128421070.075,0.121507368981838,110
RUS,2018,0.0211495268119192,513086429925.332,-0.0377570316195488,120
SWE,1994,0.0146052825144303,74566995443.2367,2.26187968254089,4
SWE,1995,0.0153300136151456,92407698119.8568,2.29646015167236,4
SWE,1996,0.0154611521302402,99788178037.9486,2.189377784729,4
SWE,1997,0.0147286324686937,98742356761.5553,2.05774736404419,5
SWE,1998,0.0152422748417742,101576503276.205,2.0342161655426,5
SWE,1999,0.0135989530604062,94525104022.1817,2.11586976051331,4
SWE,2000,0.0135732862424253,106633491942.393,2.11209559440613,5
SWE,2001,0.0128573869972025,97916823285.5767,2.03838562965393,7
SWE,2002,0.0130396002887353,105077220060.935,2.13461685180664,5
SWE,2003,0.0138531086534674,128888892891.906,2.16552734375,5
SWE,2004,0.0139098801967663,157368176186.11,2.12987112998962,5
SWE,2005,0.0130916255357513,168532949202.917,2.00458526611328,6
SWE,2006,0.0128344032642733,190818900394.651,1.92534363269806,5
SWE,2007,0.0129364929266547,222960368080.683,1.82498610019684,6
SWE,2008,0.01225489347281,243510288483.153,1.81286191940308,5
SWE,2009,0.0115362893852148,181461732426.963,1.87996792793274,6
SWE,2010,0.0113384725085484,212433198152.647,1.81285643577576,7
SWE,2011,0.0112851560603164,251839787628.465,1.77380728721619,10
SWE,2012,0.0105365358340453,237907611993.375,1.71382927894592,11
SWE,2013,0.0103742848547689,242364683705.884,1.78326082229614,15
SWE,2014,0.0102865489758158,242434887906.419,1.7407648563385,10
SWE,2015,0.0102637035271887,213062064007.481,1.7375545501709,13
SWE,2016,0.0104265289098161,212123436988.071,1.74038803577423,13
SWE,2017,0.0102045691414186,227297777974.792,1.71317505836487,12
SWE,2018,0.00990880240088154,240387035318.381,1.69757628440857,14
TUR,1994,0.00567668732510791,28982220473.0226,0.112101912498474,97
TUR,1995,0.00604107566838118,36414964180.5571,0.0857054740190506,99
TUR,1996,0.0055826849366704,36031335420.3822,0.0792160555720329,95
TUR,1997,0.00676938333059844,45382683375.8286,0.154391273856163,93
TUR,1998,0.00752865088360861,50171909316.8682,0.0794943049550057,97
TUR,1999,0.00618097911699702,42963431919.9292,0.113871775567532,101
TUR,2000,0.00601921333151922,47287718303.6122,0.117777958512306,108
TUR,2001,0.00613676769545055,46735219069.8476,0.160895138978958,104
TUR,2002,0.0062280181622718,50187338606.2212,0.127469629049301,105
TUR,2003,0.00704218332591876,65520255065.0842,0.142394945025444,97
TUR,2004,0.00763136044971692,86336708785.5979,0.24266853928566,95
TUR,2005,0.00789935035284422,101691024396.959,0.275128841400147,88
TUR,2006,0.00755414298227813,112313227784.799,0.416139394044876,82
TUR,2007,0.00805140887809024,138765977549.318,0.502121150493622,84
TUR,2008,0.00861852212309727,171253941386.781,0.509853661060333,80
TUR,2009,0.00885653867768899,139310206089.28,0.476904302835465,88
TUR,2010,0.00805486850499108,150912874368.59,0.537884771823883,83
TUR,2011,0.00792284028509377,176806275796.98,0.610063195228577,77
TUR,2012,0.0086812971040488,196017618651.833,0.659497439861298,68
TUR,2013,0.00859688506918976,200840960106.491,0.578831315040588,77
TUR,2014,0.00891136925167719,210024451417.317,0.663194835186005,69
TUR,2015,0.00921588373622762,191310593227.108,0.549681782722473,75
TUR,2016,0.00889358893703233,180936404511.984,0.504105389118195,79
TUR,2017,0.00903020829709896,201139925864.11,0.636637568473816,71
TUR,2018,0.00895927339910601,217351510695.815,0.63971734046936,76
USA,1994,0.139168276199155,710521019154.023,1.83527946472168,9
USA,1995,0.13311554667113,802406414022.529,1.79950654506683,11
USA,1996,0.133575591015946,862113298254.984,1.74642980098724,9
USA,1997,0.140711960654104,943348314859.384,1.86102724075317,9
USA,1998,0.141644628165667,943938236666.252,1.93188452720642,8
USA,1999,0.138775746459669,964617776941.152,1.89290809631348,9
USA,2000,0.136333449259746,1071053207268.12,2.00659203529358,6
USA,2001,0.131609305474791,1002284920700.95,1.96584177017212,8
USA,2002,0.120792066132268,973380643083.076,1.85911452770233,12
USA,2003,0.108935574414374,1013533202838.07,1.8359180688858,11
USA,2004,0.101687816798079,1150435952250.77,1.81361746788025,14
USA,2005,0.098911103477391,1273316283943.27,1.7485648393631,12
USA,2006,0.0976196377349864,1451385899753.33,1.61590778827667,16
USA,2007,0.0956265626933847,1648123161144.96,1.50465214252472,16
USA,2008,0.0919579833612098,1827246814205.28,1.49079203605652,19
USA,2009,0.099509360951704,1565246885548.72,1.46309316158295,23
USA,2010,0.0980419886406139,1836876456195.37,1.56474792957306,15
USA,2011,0.0940819554870775,2099534961049.72,1.56918394565582,19
USA,2012,0.0972456258879989,2195738238469.28,1.50761604309082,20
USA,2013,0.0973319710187647,2273875520160.73,1.60896265506744,21
USA,2014,0.0998623945010469,2353571491648.68,1.57121598720551,14
USA,2015,0.108553889976678,2253447383120.89,1.69204008579254,15
USA,2016,0.108353682090399,2204411041692.83,1.67592442035675,17
USA,2017,0.105031160713044,2339476475424.17,1.5547022819519,17
USA,2018,0.10241800995903,2484655640632.14,1.54834425449371,18
CZE,1994,0.00419449497695231,21414915290.0027,1.42181932926178,19
CZE,1995,0.00471272670781508,28407817362.0739,1.40955936908722,18
CZE,1996,0.00469045215808862,30272755295.7955,1.41206669807434,17
CZE,1997,0.00440467087663221,29529393447.9053,1.43835389614105,19
CZE,1998,0.00528807188584358,35240399271.9683,1.50949311256409,14
CZE,1999,0.00514876571106411,35788609039.4108,1.47389733791351,18
CZE,2000,0.00492777363153216,38713226881.601,1.51493978500366,18
CZE,2001,0.00562668749103291,42850648025.3344,1.57171308994293,18
CZE,2002,0.00630668890870875,50821292343.5037,1.58539295196533,19
CZE,2003,0.00648914265696348,60374781848.2837,1.67552936077118,14
CZE,2004,0.00650079537415551,73546162678.5098,1.61756706237793,16
CZE,2005,0.00660654574081401,85048310823.0348,1.63050556182861,16
CZE,2006,0.0071567262929989,106404529570.691,1.65071415901184,14
CZE,2007,0.0078080745891995,134572112726.345,1.65966832637787,10
CZE,2008,0.00821275129156662,163191091027.183,1.63866651058197,11
CZE,2009,0.00829975709065182,130552229586.308,1.67537462711334,11
CZE,2010,0.00802099333932105,150278202478.192,1.78401172161102,8
CZE,2011,0.00812588976698866,181337532442.894,1.76302075386047,12
CZE,2012,0.00771580305703598,174217438143.127,1.7322518825531,9
CZE,2013,0.00774145976983988,180856461414.455,1.82614123821259,13
CZE,2014,0.00819331729244536,193101298019.941,1.76029622554779,8
CZE,2015,0.00836899814583728,173730273278.39,1.81582224369049,12
CZE,2016,0.00889704036516001,181006622395.931,1.83196043968201,11
CZE,2017,0.00908010462269529,202251322512.021,1.86646568775177,8
CZE,2018,0.00937321305757926,227393665466.43,1.80321669578552,12
EST,1994,0.000293779825880347,1499887380.8905,0.270318627357483,77
EST,1995,0.000505826430202676,3049068137.61951,0.52509742975235,62
EST,1996,0.000544689180637698,3515490985.0806,0.430954843759537,69
EST,1997,0.000652435276207766,4373997174.82697,0.460904628038406,68
EST,1998,0.000709471698995809,4728011737.45496,0.523224115371704,65
EST,1999,0.00066646246287234,4632520852.89612,0.523260056972504,68
EST,2000,0.000783250613889708,6153318108.33154,0.356599450111389,86
EST,2001,0.0008055338544788,6134630317.70856,0.49846887588501,71
EST,2002,0.000774939594435056,6244708157.86658,0.57254159450531,71
EST,2003,0.000828265672738192,7706158108.62604,0.638334512710571,62
EST,2004,0.000854178694869148,9663673694.31689,0.647721648216248,61
EST,2005,0.000891000968756595,11470158583.2204,0.737626969814301,55
EST,2006,0.000914741655888547,13600164598.8267,0.735646069049835,60
EST,2007,0.000876468290490208,15105925057.6406,0.802027106285095,60
EST,2008,0.000826493037050581,16422791297.8632,0.758120596408844,63
EST,2009,0.000833228196345869,13106383427.7333,0.811496257781982,63
EST,2010,0.000848188818294167,15891334848.8254,0.808784544467926,62
EST,2011,0.000994040530266925,22183030052.7976,1.00731110572815,46
EST,2012,0.000923281909697193,20847059962.8199,0.859316825866699,55
EST,2013,0.000958191722110552,22385334209.5352,0.924258589744568,50
EST,2014,0.00103012688696972,24278180851.4247,1.02272737026215,43
EST,2015,0.000900789133284286,18699292264.6928,0.986448049545288,48
EST,2016,0.000969439600520386,19722849453.87,0.951623260974884,50
EST,2017,0.000950695466474877,21175903074.9639,1.02728545665741,45
EST,2018,0.000994860007704775,24135252489.0088,0.963586866855621,48
HRV,1994,0.00137121298181777,7000702113.49152,0.714203834533691,47
HRV,1995,0.00113374111838287,6834071361.1687,0.779261469841003,47
HRV,1996,0.00119491490490102,7712127806.90808,0.736478686332703,52
HRV,1997,0.00121253263770779,8128950909.19397,0.620500028133392,58
HRV,1998,0.00125969659166545,8394782032.11798,0.627523243427277,59
HRV,1999,0.00112283007671931,7804691238.33838,0.65997725725174,53
HRV,2000,0.00108096788642209,8492223500.4881,0.630394816398621,62
HRV,2001,0.00125212107544014,9535663669.66278,0.611101925373077,62
HRV,2002,0.0012932116011353,10421107778.5291,0.605493307113648,64
HRV,2003,0.00155302944609107,14449337758.2155,0.615524470806122,66
HRV,2004,0.00152565549294274,17260365942.5143,0.740581870079041,50
HRV,2005,0.00143915107773917,18526681413.0596,0.780384957790375,53
HRV,2006,0.00137354040763122,20421476934.6857,0.868406772613525,54
HRV,2007,0.00141092826598627,24317339119.9067,0.843390941619873,57
HRV,2008,0.00141495820766416,28115860990.9075,0.905629217624664,49
HRV,2009,0.00143169227039763,22520010638.9156,0.907749950885773,56
HRV,2010,0.00122457582052409,22943174906.3383,0.865181982517242,57
HRV,2011,0.00118316704925102,26403581556.1439,0.943622350692749,53
HRV,2012,0.00107143591899208,24192273903.5065,0.882168650627136,53
HRV,2013,0.00107857725184758,25197788392.733,0.870848119258881,51
HRV,2014,0.00115621698361363,27249890655.932,0.860833704471588,54
HRV,2015,0.00118114157333341,24519069635.324,0.771732449531555,61
HRV,2016,0.00130506402398212,26550990137.8532,0.863303542137146,55
HRV,2017,0.0013519330566605,30113116535.4504,0.903161346912384,58
HRV,2018,0.00136109571430124,33020111846.8485,0.870205223560333,53
LTU,1994,0.000533574239537238,2724153254.06348,0.406962424516678,63
LTU,1995,0.000571356748082845,3444077951.98694,0.417748183012009,70
LTU,1996,0.00062998070450886,4065972973.5824,0.358731597661972,75
LTU,1997,0.000727536537072535,4877484209.98206,0.354179501533508,77
LTU,1998,0.000724524951493965,4828328571.23267,0.331497043371201,83
LTU,1999,0.000637439483355973,4430784723.23731,0.28907698392868,87
LTU,2000,0.000639300733109925,5022429230.12744,0.223163291811943,97
LTU,2001,0.000748467474331821,5700035118.72955,0.184776157140732,101
LTU,2002,0.00082320138161984,6633616891.28308,0.163548842072487,102
LTU,2003,0.000959744925481513,8929436994.84918,0.152817711234093,96
LTU,2004,0.000988625890316033,11184729924.9617,0.330830037593842,87
LTU,2005,0.00104536098595703,13457287596.8605,0.364997774362564,82
LTU,2006,0.00105411888143791,15672392529.6274,0.549668073654175,74
LTU,2007,0.00110179369867469,18989406943.4637,0.566605150699616,78
LTU,2008,0.00130661384102515,25963009312.9776,0.543246507644653,79
LTU,2009,0.0011873455401844,18676523405.1277,0.572739601135254,80
LTU,2010,0.00120803791335908,22633327128.5916,0.671083986759186,68
LTU,2011,0.00134028343271737,29909794180.3766,0.771008789539337,63
LTU,2012,0.00141423678480398,31932477767.385,0.740515649318695,62
LTU,2013,0.00148024493246519,34581573562.5621,0.675347924232483,66
LTU,2014,0.00153907801400173,36273215310.6921,0.678735375404358,68
LTU,2015,0.00141556784020707,29385475231.0582,0.619023084640503,68
LTU,2016,0.00151454739854757,30812843127.3796,0.647087574005127,70
LTU,2017,0.00164642664273779,36672701444.4797,0.77397894859314,64
LTU,2018,0.00176617596541117,42847337851.6459,0.857143223285675,56
LUX,1999,0.00337207529101018,23438993151.7158,1.36945152282715,24
LUX,2000,0.00346702361580909,27237385862.0112,1.23685705661774,33
LUX,2001,0.00359079911961714,27346119621.8219,1.34631085395813,28
LUX,2002,0.0036784132168762,29641816198.8187,1.3489887714386,27
LUX,2003,0.00406177131514013,37790594232.9758,1.37003767490387,25
LUX,2004,0.00436450266879984,49377407657.9117,1.23738205432892,32
LUX,2005,0.00436880574678018,56241122616.0436,1.40000259876251,25
LUX,2006,0.00462812231574302,68809838135.629,1.26273703575134,36
LUX,2007,0.00493242931508978,85010385879.6567,1.1361528635025,35
LUX,2008,0.00463807265668311,92160606139.9534,1.22834122180939,29
LUX,2009,0.0047029843091607,73976271903.4146,1.031005859375,45
LUX,2010,0.00422511450079435,79160097207.8181,1.11643326282501,38
LUX,2011,0.00414244788579317,92442956946.6574,1.03605794906616,43
LUX,2012,0.00417730330503104,94320587859.7025,1.02432513237,40
LUX,2013,0.00458929797183603,107215462747.275,0.974921345710754,46
LUX,2014,0.00513062766412174,120919381764.017,1.11697578430176,39
LUX,2015,0.00550885082641742,114357076300.634,1.10323941707611,38
LUX,2016,0.0055746670735977,113414305944.377,1.22045564651489,32
LUX,2017,0.00535881875573964,119362961715.396,1.11569559574127,41
LUX,2018,0.00541152065752094,131283212117.531,1.11980724334717,40
LVA,1994,0.000500161759959876,2553566467.40387,0.345188915729523,70
LVA,1995,0.000538591091068016,3246570042.46143,0.341276735067368,80
LVA,1996,0.000601444488233594,3881796722.92407,0.239822149276733,83
LVA,1997,0.000602795809169744,4041208779.56079,0.354739755392075,76
LVA,1998,0.000580939711521515,3871457844.92194,0.233246207237244,90
LVA,1999,0.000511553800020853,3555764619.90295,0.253024637699127,89
LVA,2000,0.000484375529205114,3805316794.18536,0.270314931869507,93
LVA,2001,0.000505871050734084,3852515778.7345,0.269969999790192,92
LVA,2002,0.000509605598816483,4106562967.07068,0.414178252220154,80
LVA,2003,0.000575735136720388,5356621840.41901,0.421530544757843,77
LVA,2004,0.000649789244063441,7351332060.17023,0.414077579975128,84
LVA,2005,0.000688864094269719,8867981832.37293,0.527776539325714,69
LVA,2006,0.000716880359231659,10658409202.7012,0.550903499126434,73
LVA,2007,0.000777507205002753,13400331418.6965,0.657960474491119,73
LVA,2008,0.000784166211295816,15581738083.2443,0.58054119348526,76
LVA,2009,0.000766458795716927,12056124483.4001,0.679187059402466,69
LVA,2010,0.000687813179900488,12886599445.1759,0.608163058757782,76
LVA,2011,0.000757322023055268,16900414707.0033,0.721595108509064,70
LVA,2012,0.000755108271386286,17049816796.664,0.702097415924072,63
LVA,2013,0.000779825531867837,18218332253.5278,0.655340671539307,67
LVA,2014,0.000824649690900889,19435464298.6343,0.649542450904846,71
LVA,2015,0.000764348438675722,15866948566.2502,0.545579612255096,78
LVA,2016,0.000816759396505341,16616633577.4415,0.467444121837616,81
LVA,2017,0.000820431875274591,18274396463.5122,0.623331367969513,72
LVA,2018,0.000872470856342434,21166097987.7031,0.704564869403839,65
SVK,1994,0.00174648396751198,8916641079.58759,1.19649994373322,26
SVK,1995,0.00192090991975836,11579041508.8149,1.31726610660553,21
SVK,1996,0.00169160160558317,10917804880.5986,1.19715654850006,26
SVK,1997,0.0017103666199902,11466484165.6617,1.23022270202637,29
SVK,1998,0.00195795084979731,13048039283.7435,1.16612946987152,25
SVK,1999,0.0017925763091032,12460037278.8268,1.24791216850281,28
SVK,2000,0.00175234279319867,13766631586.5946,1.32849228382111,29
SVK,2001,0.00203653897494891,15509483145.1873,1.30629110336304,30
SVK,2002,0.00247586211546953,19951279378.7453,1.28415775299072,30
SVK,2003,0.00314558424757772,29266418196.1089,1.3453004360199,28
SVK,2004,0.00296974900860275,33597987804.5945,1.2678929567337,30
SVK,2005,0.00286286483961165,36854633007.2982,1.26163673400879,35
SVK,2006,0.00311360779975749,46292391190.778,1.36001658439636,30
SVK,2007,0.00366357301480222,63141656127.5071,1.39246666431427,22
SVK,2008,0.00375119923859681,74538029300.3102,1.46606540679932,23
SVK,2009,0.00370102912359251,58215872895.0121,1.40929269790649,24
SVK,2010,0.00363852354200658,68169957813.9302,1.44912791252136,20
SVK,2011,0.00366236317738504,81729376171.7905,1.42370057106018,23
SVK,2012,0.00367966149778068,83084183802.8345,1.35395061969757,26
SVK,2013,0.00383111521311965,89502750297.2138,1.50440955162048,25
SVK,2014,0.00381478093776767,89907314028.212,1.52418076992035,19
SVK,2015,0.00380014673936305,78886447340.8811,1.46725022792816,21
SVK,2016,0.00409671946287743,83346070428.4192,1.44489657878876,23
SVK,2017,0.00408567138207445,91004726785.7131,1.4818434715271,19
SVK,2018,0.00412732291118141,100128641008.348,1.41249263286591,25
SVN,1994,0.00172126665876797,8787894583.62988,1.43128073215485,18
SVN,1995,0.00175916495921451,10604060020.7634,1.4738667011261,16
SVN,1996,0.00167653216168895,10820544835.7079,1.35671293735504,18
SVN,1997,0.00158191537399171,10605333017.6642,1.43700015544891,20
SVN,1998,0.00167709189388592,11176358648.705,1.4329731464386,18
SVN,1999,0.00152712354916251,10614898933.624,1.48227953910828,17
SVN,2000,0.00135420314249897,10638795005.4921,1.50484883785248,19
SVN,2001,0.00146456271690137,11153536000.1747,1.50045788288116,22
SVN,2002,0.00156911312564717,12644409456.8272,1.48630738258362,21
SVN,2003,0.00165908264920908,15436053467.985,1.59815979003906,17
SVN,2004,0.00163393284058726,18485351958.2134,1.69154536724091,15
SVN,2005,0.00163085170146983,20994508757.5813,1.59985160827637,17
SVN,2006,0.00164490913095319,24456123526.3152,1.56501972675323,18
SVN,2007,0.00180424134928768,31096087450.0005,1.47865104675293,19
SVN,2008,0.0018170307770684,36105225205.6205,1.48818695545197,20
SVN,2009,0.0017826077226099,28039785998.8716,1.50244784355164,19
SVN,2010,0.00162491216394503,30443720478.5508,1.48382949829102,18
SVN,2011,0.00159914504143351,35686555460.0436,1.52712440490723,20
SVN,2012,0.00150382184443439,33955245776.0209,1.48806583881378,21
SVN,2013,0.00154957185906223,36201193504.7761,1.55534911155701,23
SVN,2014,0.0016234859500011,38262553868.3103,1.55262839794159,15
SVN,2015,0.00159927611183555,33199036624.8306,1.57063412666321,19
SVN,2016,0.00172671618219349,35129329658.7869,1.69950950145721,16
SVN,2017,0.00179816765364318,40052598638.4194,1.62296688556671,15
SVN,2018,0.00187457744949598,45477152266.0437,1.61668705940247,16
LUX,1994,0,0,,222
LUX,1995,0,0,,224
LUX,1996,0,0,,220
LUX,1997,0,0,,220
LUX,1998,0,0,,220
